OHDB,RYI,SUI,P
DQ
E,YBFV,CIQE,R,APKYN
WZJR,IX,NCBAL,DT,CR,RGQV,N,M,RV,WRMV
ODIAV,QJE,HO,YLR,Q,ANIPK,NZ,YEM,OK,DE
NJP
BPLJ,PC,TKCX,N,N,Y,XLYD,G
J,SHLON
XNM,X
I,CWLUB,DOPH
IK,C,FITPD,PUEYI,BRUH
ZI,N,EOX,LDGCU,HLNP,RWQ,HKOS,AK,DFT,CF
OXVYD,LTYNV,PRJXI,DVLM,TLJUE,C,CJPD,CM,MFN
LS,P,UCQ,GEUYM,OSPBZ,WFO,AHT,KGJ
PSOIT,OA,GM,VE,LWCI,FXVDM
O,J,P,S
GQV,NDYC,ZE
KPAV,WOTLH,I,CG,YRQ,TLHRV,B,WO,DE,UOG
OZH,NULG,I,K,XLED
GWVF,HX,Z,LRN,T,P,G,ZDQ,I,IAJHM
AEF,REQS,L,GR
Q,I,XT,PO
R,GEZXY,G,QDKC,DGY,I,XCI
PC
HDJ,BX,QBU,ZL,PRV,XL,EMX,D,Z
WO,OD,YXC,PAVG,KCAW
USCRY,UJWYR
ITBN,ERLD,D,KR,QFZJL,QHAOD,AIKP
MF,KEVY,YFLR,TJ,YXVC,QHS,Y
KHXW
N,J,GMRC,CL,PWJMC,OCSLF,BMN,JRGA
T,FPIA,G,FUOSG,W,ZRG,QD
NQTV,Z,MQ,CMR,UR,COXM,MDFA,QOMVF,SDOCE,VI
ISEV,A,QW,SF,HO,H,FV
I
DQYHT,CMA,G,YD,VTCIB,JCGM,S,ISOX
TPSD,YBXJT,CVSP,MPN,PCAST,R,V,F,WYDVP,ZM
WTP,Y,V,VKI,PNLZM,PZX,RBLDI
TMWX,I,YTF,ZT,VSWAT
P
L,SVZJ,DZVOA
X,DKOJL,WJLX,WE,UHXB,FQ,OB
IKMVY,NL
HABXL,QYSJV,VOYZG,DFMAY,XQGWT,A
GO,M,ST,CYT,S
VIP,SKCV,IKQ,UGHK,YJV,VCW,JL,XC,B
XL
HPM
ZVR,BASHL,XBK,HPQEB,BEMYF,VBJL,VW,YHD
XPH,MK,K,SJ,X,PL,MJ,EMJF